{"cameraMode":{"drawMode":0,"name":"Shaded","section":"Shading Mode"},"sceneLighting":true,"audioPlay":false,"sceneViewState":{"m_AlwaysRefresh":false,"showFog":true,"showSkybox":true,"showFlares":true,"showImageEffects":true,"showParticleSystems":true,"showVisualEffectGraphs":true,"m_FxEnabled":true},"in2DMode":false,"pivot":{"x":-0.13603943586349488,"y":0.6481468677520752,"z":-9.829852104187012},"rotation":{"x":0.039538607001304629,"y":0.696222722530365,"z":0.03846551850438118,"w":-0.7157096862792969},"size":1.3345352411270142,"orthographic":false}